field_id,rainfall_mm,yield_t_ha,temperature_c,soil_ph,nitrogen_mg_kg,irrigation_mm,sunlight_hours,organic_matter_pct
F001,484.94,3.32,23.04,6.16,37.11,264.96,1781.91,1.76
F002,709.67,4.3,22.58,6.38,58.08,123.49,2060.03,4.02
F003,996.05,7.77,16.51,7.14,72.62,56.53,2171.65,4.53
F004,591.28,2.61,29.71,5.26,28.43,248.81,1821.01,2.58
F005,668.3,5.79,25.23,6.53,56.22,166.34,2023.39,2.99
F006,823.2,7.31,17.98,6.85,85.96,132.79,2150.14,3.59
F007,253.03,2.88,26.89,6.46,41.2,232.13,1874.09,2.09
F008,696.28,5.44,25.98,6.92,61.17,159.37,1956.83,3.05
F009,836.26,7.05,22.12,6.77,68.24,115.57,2456.79,3.63
F010,327.84,2.56,26.17,6.01,35.27,210.68,1663.18,2.22
F011,632.83,5.32,22.94,6.86,51.22,130.85,1914.89,3.54
F012,721.17,7.1,19.85,7.29,61.21,100.37,2202.33,3.66
F013,538.17,2.13,25.19,6.71,43.22,281.01,1930.26,1.57
F014,504.02,5.59,26.76,6.7,54.75,171.67,2036.05,3.93
F015,992.19,7.62,18.15,7.14,78.19,105.06,1916.73,3.69
F016,535.53,3.38,27.04,6.55,32.26,162.41,1819.93,1.54
F017,726.64,5.57,20.03,6.59,67.96,157.4,2038.58,3.16
F018,906.91,7.85,23.95,6.87,74.22,104.56,2018.31,3.28
F019,454.73,1.39,26.29,6.44,35.89,210.38,1906.38,2.17
F020,813.26,5.94,24.75,6.87,48.67,217.75,2185.64,3.49
F021,860.05,7.49,19.53,7.11,89.12,90.59,2172.5,3.96
F022,340.64,2.71,25.6,6.49,30.52,238.03,1838.87,2.28
F023,710.1,5.01,19.33,6.67,43.6,187.49,2118.25,4.06
F024,918.38,6.76,16.55,6.92,55.58,95.73,2268.4,4.93
F025,359.18,3.24,26.31,6.25,29.2,280.25,1888.62,2.63
F026,704.69,4.44,21.26,6.84,53.48,171.99,2109.25,2.63
F027,948.77,5.85,20.58,7.62,87.37,70.17,1981.55,4.63
F028,485.39,2.01,28.81,6.14,38.39,287.47,1771.52,1.85
F029,781.84,5.76,20.57,6.69,59.67,198.52,2033.38,3.97
F030,937.16,7.3,21.18,6.96,71.93,50.87,2137.27,3.92
F031,359.01,2.24,26.36,6.67,30.01,279.42,1897.17,2.26
F032,553.8,5.83,23.35,6.54,62.03,171.53,2108.31,3.43
F033,851.42,6.22,21.71,6.91,80.29,57.98,2060.44,3.69
F034,478.2,2.54,27.48,6.47,50.32,240.6,1811.15,1.28
F035,618.91,3.76,19.28,7.19,48.91,214.8,2026.79,3.44
F036,869.1,6.49,23.46,6.88,89.06,146.58,2045.82,5.08
F037,353.72,2.64,24.03,6.05,41.5,281.6,1943.89,2.26
F038,624.1,5.85,22.73,6.75,50.55,154.52,1986.51,3.62
F039,843.57,7.22,21.77,7.22,66.91,35.54,2103.24,3.79
F040,418.68,3.17,28.59,6.23,25.02,253.63,1790.67,3.09
F041,570.65,4.41,20.26,6.68,68.49,159.88,2034.45,4.03
F042,891.87,6.43,19.83,6.97,88.05,99.59,2320.37,4.07
F043,531.19,1.67,28.68,6.06,53.86,237.18,1923.7,2.94
F044,662.1,5.46,21.2,7.08,48.27,158.02,2086.43,2.82
F045,930.12,7.85,22.41,7.44,93.71,85.34,2241.19,3.6
F046,450.11,1.91,28.67,6.32,31.42,231.06,1872.23,0.45
F047,742.13,5.15,24.54,6.53,37.84,131.51,1833.87,4.19
F048,782.79,6.9,21.3,7.25,90.56,134.1,2105.1,4.5
F049,517.11,3.03,27.28,6.06,29.01,292.11,1707.41,3.04
F050,736.72,6.1,25.72,6.82,48.64,174.6,2144.35,2.5
F051,1142.08,6.71,21.15,7.26,82.79,144.37,2273.67,5.01
F052,265.53,2.67,26.92,6.19,25.92,273.77,1914.03,2.35
F053,659.94,4.88,25.29,6.77,68.18,129.89,1933.05,3.82
F054,848.38,6.52,20.86,6.93,61.21,97.19,2098.54,3.75
F055,393.23,2.66,27.16,6.09,24.22,250.99,1901.7,1.78
F056,649.55,5.79,20.86,7.27,55.1,101.87,1991.17,3.56
F057,908.35,6.57,19.31,6.79,80.14,70.04,2187.02,3.78
F058,489.89,3.68,26.42,6.09,30.11,316.11,1806.03,2.88
F059,650.5,5.22,21.98,6.67,69.38,162.21,2118.53,3.66
F060,816.66,7.17,23.15,7.05,74.26,76.82,2037.93,3.28
